id,first_name,last_name,birth_date,average_mark,count_of_lessons_absent,count_of_lessons_sick,gender,city,age
4,Лариса,Гайдабура,2004-05-05,46.0,0,0,Female,Нова Одеса,19.81055299014225
5,Лариса,Цушко,2008-06-05,82.0,9,4,Female,Рудки,15.722881757265538
6,Аліна,Іванченко,2006-06-09,87.0,8,2,Female,Сімферополь,17.714662579183347
8,Марта,Демʼяненко,1995-07-18,32.0,8,8,Female,Перечин,28.616032442197046
9,Тетяна,Тарасенко,1998-04-22,89.0,2,0,Female,Мерефа,25.85164888055321
12,Ганна,Ґереґа,2003-08-20,47.0,8,4,Female,Коломия,20.52014203123814
13,Марʼяна,Чаленко,2005-02-26,42.0,9,0,Female,Харцизьк,18.996854360005266
14,Оксенія,Рудько,2008-04-21,39.0,8,5,Female,Горохів,15.846169428498415
21,Марʼяна,Дубенко,2000-11-03,98.0,4,3,Female,Покровськ,23.314662579183345
22,Наталія,Конопленко,1997-06-08,38.0,5,4,Female,Ромни,26.722881757265537
23,Данна,Зінкевич,1998-02-28,96.0,4,4,Female,Горлівка,25.996854360005266
28,Пріска,Василевич,2003-04-08,85.0,8,6,Female,Василівка ,20.887265318909375
29,Емілія,Юхименко,1993-08-17,46.0,5,3,Female,Миронівка,30.533840661375127
31,Марʼяна,Цісик,1995-07-22,71.0,2,2,Female,Амвросіївка,28.605073538087456
33,Аніта,Сич,1996-02-28,38.0,8,4,Female,Гірське,27.999594086032662
34,Тетяна,Стус,1994-10-03,40.0,4,2,Female,Яворів,29.405073538087457
36,Оксана,Токар,2001-06-24,70.0,2,2,Female,Бахчисарай,22.676306414799786
43,Вікторія,Худобʼяк,2000-06-28,88.0,9,2,Female,Судак ,23.665347510690196
44,Варвара,Влох,1995-05-01,55.0,10,8,Female,Ялта,28.82973107233403
45,Аніта,Заїка,2008-10-13,34.0,6,6,Female,Лутугине,15.366717373703894
50,Олена,Гунько,1998-07-24,14.0,10,5,Female,Бахмач,25.596854360005263
51,Роксолана,Чарниш,1993-06-10,93.0,4,1,Female,Мала Виска,30.72014203123814
52,Святослава,Верхола,2002-06-23,70.0,9,3,Female,Монастирище,21.679046140827182
53,Амалія,Щириця,2004-03-09,3.0,1,1,Female,Немирів,19.966717373703894
54,Оксана,Цимбалюк,1998-12-21,42.0,3,1,Female,Прип'ять ,25.185895455895675
55,Пріска,Корсун,1995-04-30,29.0,8,5,Female,Хрустальний,28.832470798361427
57,Оксана,Дубенко,2005-03-10,77.0,9,6,Female,Городок,18.963977647676497
62,Богуслава,Юхименко,2004-12-16,54.0,8,7,Female,Олешки,19.19411463397787
64,Любов,Бабійчук,2006-11-20,50.0,10,5,Female,Красилів,17.265347510690194
65,Алла,Колісниченко,2008-04-12,37.0,6,1,Female,Яготин,15.87082696274499
70,Марʼяна,Сич,2005-05-23,90.0,3,0,Female,Петрово-Красносілля,18.7612379216491
71,Аліна,Колісниченко,1999-10-04,36.0,10,7,Female,Рубіжне,24.39959408603266
75,Данна,Коваленко,1994-09-20,37.0,8,0,Female,Березівка,29.440689976443622
77,Дарина,Матвієнко,2005-05-26,15.0,1,1,Female,Рудки,18.75301874356691
78,Галина,Лаба,2004-07-31,90.0,9,6,Female,Білгород-Дністровський,19.572196825758688
84,Марія,Шелест,2006-07-22,1.0,1,1,Female,Яготин,17.596854360005263
88,Дарина,Верхола,1999-02-03,21.0,6,0,Female,Березань ,25.065347510690195
91,Дарина,Забіла,1993-03-11,64.0,1,1,Female,Гайсин,30.96945709973129
92,Вікторія,Назаренко,2004-08-15,22.0,10,10,Female,Овруч,19.53110093534773
94,Тетяна,Вітрук,2008-05-06,45.0,9,7,Female,Алмазна,15.805073538087456
96,Пріска,Воблий,1997-11-03,37.0,8,3,Female,Острог,26.317402305210745
105,Юстина,Канівець,2005-02-04,30.0,5,0,Female,Кагарлик,19.057128332608002
106,Наталія,Єрошенко,2005-08-06,44.0,3,0,Female,Ровеньки,18.555758469594306
108,Володимира,Гаврилів,2001-03-12,47.0,10,5,Female,Краматорськ,22.9612379216491
109,Сніжана,Шухевич,2005-06-19,79.0,3,0,Female,Горохів,18.687265318909375
111,Данна,Верхола,2008-08-08,51.0,6,6,Female,Миргород,15.547539291512113
113,Тетяна,Матяш,2004-12-30,37.0,9,7,Female,Амвросіївка,19.155758469594304
117,Василина,Демʼянюк,1993-05-10,54.0,9,2,Female,Коломия,30.805073538087456
118,Анастасія,Михалюк,2001-07-24,23.0,10,4,Female,Зимогір'я,22.594114633977867
119,Марʼяна,Гузенко,2001-09-24,56.0,0,0,Female,Дубно,22.424251620279236
121,Орина,Худобʼяк,2005-12-14,75.0,4,3,Female,Путивль,18.19959408603266
122,Розалія,Андрусенко,2006-12-23,87.0,7,5,Female,Першотравенськ,17.174936551786086
123,Софія,Дацюк,2002-12-12,21.0,7,3,Female,Кіцмань,21.207813264114854
125,Дарина,Ващук,1998-05-29,46.0,0,0,Female,Щастя ,25.750279017539512
128,Емілія,Вакуленко,1999-10-12,94.0,10,0,Female,Світловодськ,24.37767627781348
129,Марʼяна,Савенко,2001-07-09,37.0,8,8,Female,Баранівка,22.635210524388825
130,Марина,Саченко,1996-10-04,51.0,4,1,Female,Винники,27.39959408603266
131,Галина,Бабʼюк,1999-02-27,6.0,10,0,Female,Єнакієве,24.999594086032662
132,Ірена,Габелко,2003-02-01,64.0,0,0,Female,Тиврів,21.06808723671759
133,Ірина,Атаманчук,2008-01-03,5.0,3,2,Female,Амвросіївка,16.144799565484718
135,Ліза,Рудько,1999-05-20,62.0,7,2,Female,Львів,24.774936551786087
137,Марʼяна,Охримович,1999-11-01,24.0,5,5,Female,Ходорів,24.322881757265538
138,Аліна,Пелех,2005-04-05,16.0,6,3,Female,Перещепине,18.892744770964168
139,Віолетта,Зінченко,2007-08-28,4.0,9,9,Female,Яготин,16.495484496991565
140,Анастасія,Атаманюк,2001-08-08,73.0,7,5,Female,Борзна,22.55301874356691
144,Оксана,Вишняк,2005-01-18,50.0,7,7,Female,Гайворон,19.103703675073756
145,Віолетта,Зубко,2003-02-02,74.0,3,1,Female,Канів,21.065347510690195
147,Василина,Тесленко,2006-07-30,6.0,7,2,Female,Одеса,17.574936551786084
149,Софія,Бабенко,2002-01-03,88.0,0,0,Female,Луцьк,22.147539291512114
150,Маруся,Бгиденко,2007-06-29,27.0,3,2,Female,Волноваха,16.6598680586354
153,Еріка,Затовканюк,2006-09-17,92.0,1,0,Female,Соледар,17.440689976443622
154,Ліза,Вакарчук,1994-04-25,89.0,0,0,Female,Зимогір'я,29.846169428498413
160,Мілена,Гайда,2007-07-17,100.0,9,2,Female,Іршава,16.61055299014225
161,Анастасія,Пʼятаченко,2003-04-01,42.0,9,0,Female,Славутич,20.906443401101154
162,Світлана,Семенченко,1996-08-07,82.0,1,0,Female,Дубляни,27.558498195621702
163,Єлисавета,Міщенко,1995-05-08,75.0,0,0,Female,Кременець,28.81055299014225
164,Анастасія,Приходько,1995-11-25,80.0,4,4,Female,Очаків,28.2598680586354
168,Софія,Баран,2002-04-10,10.0,9,7,Female,Угнів,21.881785866854578
172,Ірина,Деревʼянко,1999-03-31,73.0,3,3,Female,Олександрівськ,24.91192285315595
174,Лариса,Чайка,1997-11-09,44.0,7,2,Female,Попасна,26.30096394904636
175,Ірина,Безбородьки,1997-10-08,87.0,8,1,Female,Хоростків,26.38863518192307
177,Емілія,Михайлюк,2008-08-04,92.0,9,4,Female,Броди,15.558498195621702
179,Марина,Андрейко,2002-11-24,19.0,2,1,Female,Носівка,21.257128332608005
182,Розалія,Парасюк,1997-02-06,84.0,1,0,Female,Одеса,27.057128332608002
183,Михайлина,Пилипенко,1998-10-30,39.0,9,5,Female,Заставна,25.32836120932033
184,Альбіна,Конопля,2005-01-04,75.0,2,0,Female,Новоград-Волинський,19.142059839457318
186,Аліна,Іванченко,1996-01-18,99.0,10,3,Female,Белз,28.11192285315595
187,Альбіна,Гунько,1995-01-08,75.0,5,4,Female,Обухів,29.13932011342992
188,Людмила,Тесля,2008-02-02,69.0,4,0,Female,Кам'янка (Черкаська область),16.0626077846628
189,Єва,Удовенко,2008-09-15,51.0,0,0,Female,Кропивницький,15.443429702471018
192,Тереза,Вергун,1999-02-01,62.0,7,1,Female,Гребінка,25.07082696274499
193,Вікторія,Алексійчук,2005-09-06,95.0,4,0,Female,Борщів,18.47082696274499
194,Вікторія,Дубас,1996-10-02,14.0,8,4,Female,Новоукраїнка,27.405073538087457
209,Тереза,Артим,2007-09-06,43.0,10,10,Female,Бібрка,16.47082696274499
212,Єва,Височан,2003-08-17,41.0,3,1,Female,Козятин,20.528361209320334
213,Михайлина,Шведченко,2000-02-08,61.0,3,2,Female,Жидачів,24.05164888055321
221,Тереза,Гавриленко,1996-09-26,69.0,0,0,Female,Ржищів,27.42151189425184
222,Варвара,Шведченко,2003-06-17,37.0,10,1,Female,Ровеньки,20.695484496991565
223,Амалія,Арсенич,2006-10-12,19.0,3,3,Female,Малин,17.37219682575869
224,Марина,Заєць,1998-08-05,5.0,7,1,Female,Ланівці,25.5639776476765
225,Маруся,Батюк,2007-10-24,45.0,9,9,Female,Горішні Плавні,16.33932011342992
226,Аліна,Бандурка,2001-12-18,5.0,3,1,Female,Трускавець,22.19137490795047
227,Ганна,Макаренко,2007-06-10,95.0,10,7,Female,Попасна,16.71192285315595
228,Єлисавета,Саєнко,1994-07-07,94.0,0,0,Female,Українськ,29.646169428498414
229,Василина,Худяк,1997-06-11,79.0,1,0,Female,Донецьк,26.714662579183347
230,Марина,Ґерус,2006-09-29,97.0,5,0,Female,Ямпіль,17.407813264114854
231,Михайлина,Носаченко,2004-11-11,20.0,5,3,Female,Южноукраїнськ,19.29000504493677
233,Альбіна,Їжак,2001-02-12,51.0,0,0,Female,Пирятин,23.037950250416223
235,Алла,Удовиченко,1994-03-15,81.0,8,4,Female,Мостиська,29.9584981956217
237,Ярина,Дубенко,1996-07-19,13.0,7,1,Female,Ровеньки,27.61055299014225
240,Лариса,Дубас,1994-07-21,9.0,3,0,Female,Вараш,29.607813264114853
241,Ярослава,Яценко,2004-08-08,85.0,10,7,Female,Броди,19.55027901753951
243,Ганна,Тичина,1998-09-19,5.0,3,0,Female,Снігурівка,25.440689976443622
244,Мілена,Лагода,2006-06-29,44.0,5,0,Female,Севастополь,17.6598680586354
246,Олена,Давимука,1999-12-22,64.0,10,5,Female,Рудки,24.18315572986828
247,Богданна,Колісниченко,1997-05-12,64.0,5,1,Female,Інкерман,26.796854360005263
248,Розалія,Шахрай,1996-08-13,12.0,0,0,Female,Берегове,27.54205983945732
251,Дарина,Єрмоленко,2006-01-12,100.0,1,1,Female,Часів Яр,18.120142031238142
252,Христина,Рябошапка,2006-01-29,74.0,5,5,Female,Кременець,18.073566688772388
253,Олена,Єщенко,2004-04-06,73.0,5,3,Female,Кадіївка,19.89000504493677
255,Віра,Дахно,2008-02-29,40.0,3,1,Female,Вознесенівка,15.988635181923073
256,Аніта,Товстоліс,2000-05-14,29.0,0,0,Female,Судова Вишня,23.788635181923073
257,Орися,Онуфрієнко,2002-01-12,83.0,1,0,Female,Угнів,22.12288175726554
259,Едита,Жарко,1995-05-12,14.0,4,1,Female,Новий Калинів,28.799594086032663
260,Володимира,Гавриленко,2000-05-07,79.0,8,4,Female,Гуляйполе,23.807813264114852
261,Михайлина,Аврамчук,1994-01-11,1.0,4,2,Female,Старий Крим,30.131100935347728
264,Любов,Заруба,1996-07-26,77.0,2,0,Female,Генічеськ,27.59137490795047
267,Віра,Алексійчук,1998-12-22,62.0,0,0,Female,Перемишляни,25.18315572986828
268,Едита,Акуленко,1998-05-12,11.0,10,2,Female,Березне,25.796854360005263
269,Володимира,Гоголь,1998-05-31,80.0,0,0,Female,Вишневе ,25.744799565484715
270,Амалія,Чміль,1994-01-11,94.0,0,0,Female,Прилуки,30.131100935347728
271,Орися,Бабиченко,2000-06-24,19.0,10,5,Female,Решетилівка,23.676306414799786
273,Світлана,Масоха,2003-04-24,42.0,1,1,Female,Гуляйполе,20.843429702471017
274,Валентина,Ковалюк,1996-03-17,66.0,10,8,Female,Сколе,27.95027901753951
275,Вікторія,Ісаєвич,1997-03-10,64.0,4,4,Female,Полонне,26.96945709973129
276,Віолетта,Ляшко,1994-11-06,87.0,1,0,Female,Хуст,29.31192285315595
277,Камілла,Медведенко,2006-03-20,2.0,9,9,Female,Сокаль,17.936580387402525
279,Соломія,Юрчук,1999-02-13,23.0,0,0,Female,Могилів-Подільський,25.037950250416223
280,Алла,Бездітко,2004-10-16,40.0,0,0,Female,Баранівка,19.3612379216491
281,Аніта,Масляк,1995-10-24,56.0,6,3,Female,Гірник ,28.347539291512113
286,Камілла,Акименко,1997-02-10,4.0,7,0,Female,Ужгород,27.046169428498416
288,Альбіна,Авдєєнко,2004-06-08,28.0,1,0,Female,Стрий,19.717402305210744
289,Любов,Ващук,2005-10-30,34.0,2,1,Female,Родинське,18.322881757265538
293,Клавдія,Яремків,1995-12-07,3.0,0,0,Female,Любомль,28.226991346306633
296,Тетяна,Гайворонський,1998-08-01,27.0,5,0,Female,Шпола,25.574936551786084
298,Віолетта,Москаль,2007-12-07,86.0,4,0,Female,Липовець,16.218772168224444
300,Оксана,Джунь,2003-05-08,21.0,0,0,Female,Валки ,20.805073538087456
301,Марта,Височан,1997-04-29,59.0,7,3,Female,Знам'янка,26.832470798361427
302,Клавдія,Козак,1997-05-14,92.0,0,0,Female,Рава-Руська,26.79137490795047
303,Христина,Вдовенко,1996-01-17,26.0,4,2,Female,Гнівань,28.114662579183346
304,Марина,Архимович,2003-12-24,25.0,8,4,Female,Прилуки,20.174936551786086
307,Сніжана,Андрійович,2002-05-10,7.0,7,7,Female,Сватове,21.799594086032663
308,Ірина,Влох,1999-06-08,52.0,3,3,Female,Рені,24.722881757265537
309,Марина,Бгиденко,2008-10-26,90.0,0,0,Female,Любомль,15.33110093534773
311,Еріка,Юрчук,2002-12-31,64.0,3,2,Female,Вугледар,21.155758469594304
314,Маруся,Артимишин,1997-03-15,4.0,3,1,Female,Миколаїв,26.955758469594304
318,Тетяна,Ґоляш,2008-07-01,17.0,2,1,Female,Пустомити,15.651648880553209
319,Михайлина,Запорожець,2006-09-12,81.0,7,2,Female,Малин,17.454388606580608
320,Пріска,Проценко,1993-12-08,31.0,2,2,Female,Інкерман,30.224251620279237
322,Василина,Зарудний,2006-11-17,92.0,0,0,Female,Славута,17.273566688772387
328,Одарка,Ребрик,2004-03-18,47.0,2,2,Female,Вознесенівка,19.94205983945732
330,Соломія,Засенко,1999-08-16,20.0,6,1,Female,Мена ,24.533840661375127
334,Оксана,Данькевич,2001-10-05,74.0,9,4,Female,Приморськ (Україна),22.394114633977868
336,Ірена,Тичина,2002-05-16,29.0,6,6,Female,Вугледар,21.783155729868277
338,Софія,Голобородько,2003-02-23,94.0,4,0,Female,Красноперекопськ,21.00781326411485
339,Ада,Ляшко,2004-10-24,97.0,5,5,Female,Новий Калинів,19.33932011342992
340,Ірина,Вакарчук,2002-05-25,34.0,5,2,Female,Золочів,21.7584981956217
343,Камілла,Колодуб,2006-04-09,7.0,2,2,Female,Сорокине,17.881785866854578
346,Вікторія,Сіробаба,2000-10-25,56.0,1,0,Female,Первомайськ,23.33932011342992
347,Богданна,Чумак,1998-02-19,49.0,9,2,Female,Городенка,26.02151189425184
349,Еріка,Вдовенко,1996-03-19,10.0,0,0,Female,Мар'їнка,27.944799565484715
350,Вікторія,Арсенич,1994-12-21,97.0,3,0,Female,Остер ,29.188635181923072
352,Михайлина,Ґоляш,1994-10-02,68.0,7,6,Female,Канів,29.407813264114854
353,Клавдія,Андрієвич,1998-03-28,49.0,9,4,Female,Молодогвардійськ,25.92014203123814
354,Данна,Рудик,2006-12-03,62.0,3,2,Female,Дубляни,17.22973107233403
355,Сніжана,Проценко,2000-07-03,34.0,10,2,Female,Сторожинець,23.65164888055321
357,Одарка,Тихий,2002-12-22,33.0,6,0,Female,Подільськ,21.18041600384088
360,Амалія,Ґерус,1994-03-18,93.0,7,6,Female,Городенка,29.95027901753951
361,Роксолана,Засуха,1999-06-10,49.0,5,5,Female,Рівне,24.717402305210744
362,Еріка,Гавриш,1994-03-24,93.0,1,1,Female,Сарни,29.933840661375125
363,Галина,Батіг,1997-05-04,17.0,3,2,Female,Носівка,26.81877216822444
364,Михайлина,Салій,1999-12-18,71.0,2,2,Female,Долина ,24.19411463397787
365,Лілія,Архимович,2008-08-24,12.0,4,3,Female,Баранівка,15.503703675073757
369,Анастасія,Примаченко,2003-01-04,5.0,10,6,Female,Зміїв,21.144799565484718
371,Єлисавета,Оробець,2002-09-23,35.0,1,1,Female,Маріуполь,21.426991346306632
372,Василина,Ващенко-Захарченко,2008-09-09,53.0,2,2,Female,Татарбунари,15.4598680586354
375,Едита,Єресько,1993-02-23,98.0,4,0,Female,Зміїв,31.013292716169648
376,Сніжана,Дутка,2000-08-30,48.0,1,0,Female,Калинівка ,23.49274477096417
381,Галина,Петлюра,1993-08-14,49.0,8,5,Female,Путивль,30.54205983945732
382,Любов,Чекалюк,2005-07-22,55.0,5,1,Female,Кодима,18.596854360005263
385,Михайлина,Іщенко,2002-07-29,36.0,3,2,Female,Броди,21.58041600384088
386,Лілія,Шиян,2008-01-19,94.0,2,1,Female,Радивилів,16.10096394904636
389,Маруся,Чередник,2001-11-10,63.0,4,0,Female,Ямпіль,22.295484496991566
391,Анжела,Євдокименко,2000-08-23,80.0,0,0,Female,Сулимівка (Слов'янськ),23.511922853155948
392,Марʼяна,Баклан,1993-07-05,98.0,7,6,Female,Дрогобич,30.65164888055321
394,Емілія,Бабариченко,2003-01-18,22.0,2,2,Female,Перечин,21.106443401101153
397,Ганна,Товстоліс,1995-08-08,21.0,9,5,Female,Бережани,28.558498195621702
398,Віолетта,Шахрай,2004-05-23,68.0,6,6,Female,Буча,19.7612379216491
399,Пріска,Ватаманюк,2003-06-19,73.0,1,0,Female,Новояворівськ,20.690005044936772
400,Василина,Дерегус,1998-12-12,75.0,7,0,Female,Липовець,25.21055299014225
403,Марта,Литвиненко,2001-07-26,56.0,8,3,Female,Бердичів,22.588635181923074
408,Дарина,Гриценко,2007-07-27,50.0,5,4,Female,Южне,16.583155729868277
411,Анжела,Бабенко,1998-05-30,5.0,5,1,Female,Костянтинівка,25.747539291512112
415,Софія,Ватаманюк,2002-06-03,54.0,3,2,Female,Інкерман,21.733840661375126
421,Сніжана,Удовиченко,2001-02-15,33.0,3,1,Female,Радивилів,23.02973107233403
425,Світлана,Якименко,1998-09-30,8.0,5,3,Female,Коростень,25.41055299014225
427,Любов,Терещук,2008-01-06,21.0,1,1,Female,Армянськ,16.136580387402525
429,Соломія,Артеменко,1993-11-16,56.0,1,0,Female,Підгайці,30.284525592881977
432,Валентина,Височан,1996-07-30,87.0,5,4,Female,Моршин,27.58041600384088
434,Едита,Свистун,1993-08-16,49.0,8,7,Female,Прилуки,30.536580387402523
435,Анастасія,Сагаль,2004-08-17,69.0,0,0,Female,Борзна,19.525621483292934
436,Еріка,Перепелиця,2001-07-24,41.0,1,0,Female,Севастополь,22.594114633977867
441,Володимира,Перепелиця,2000-01-15,42.0,3,2,Female,Ланівці,24.117402305210742
444,Аліна,Колісниченко,2001-08-21,70.0,9,1,Female,Чернівці,22.517402305210744
445,Богуслава,Гайда,2000-10-17,36.0,3,1,Female,Джанкой,23.3612379216491
446,Анастасія,Токар,1993-06-12,18.0,7,1,Female,Березань ,30.714662579183347
447,Клавдія,Полтавець,2001-04-06,13.0,0,0,Female,Брянка,22.892744770964168
448,Богуслава,Пилипенко,2006-05-28,38.0,10,0,Female,Ананьїв,17.747539291512112
449,Анжела,Михайлюк,2007-02-15,72.0,4,4,Female,Підгайці,17.026991346306634
451,Людмила,Шинкаренко,1995-08-31,15.0,1,1,Female,Суходільськ,28.495484496991565
453,Олена,Лемешко,1996-07-14,78.0,3,1,Female,Вовчанськ,27.624251620279235
455,Орина,Рева,1993-11-05,71.0,5,2,Female,Глухів,30.314662579183345
457,Алла,Романенко,1998-11-02,62.0,10,10,Female,Ізмаїл,25.32014203123814
458,Тереза,Дзиндра,1998-12-28,98.0,6,0,Female,Гірське,25.166717373703893
459,Марина,Єрченко,2005-06-27,36.0,7,5,Female,Євпаторія,18.665347510690196
460,Віра,Зарудний,2005-10-17,100.0,4,4,Female,Соледар,18.358498195621703
461,Лариса,Петлюра,1994-05-27,31.0,1,0,Female,Сєвєродонецьк,29.7584981956217
463,Анжела,Батюк,1995-08-20,56.0,9,7,Female,Малин,28.525621483292934
465,Святослава,Вакарчук,2000-04-27,97.0,9,9,Female,Міусинськ,23.835210524388824
469,Марія,Литвин,2003-10-11,59.0,1,1,Female,Рава-Руська,20.37767627781348
474,Василина,Аронець,1995-02-05,10.0,9,4,Female,Рава-Руська,29.0626077846628
475,Галина,Юрчишин,2000-04-03,92.0,7,3,Female,Підгородне,23.90096394904636
476,Ганна,Мірошниченко,1994-03-27,18.0,1,1,Female,Моспине,29.925621483292936
477,Володимира,Ящук,2002-04-08,36.0,6,3,Female,Копичинці,21.887265318909375
478,Вікторія,Годунок,1994-08-22,72.0,5,1,Female,Заліщики,29.52014203123814
479,Камілла,Токар,1998-07-12,25.0,10,4,Female,Сорокине,25.62973107233403
484,Сніжана,Влох,1998-12-19,43.0,7,6,Female,Дрогобич,25.19137490795047
486,Оксана,Сагаль,2003-07-30,38.0,5,5,Female,Петрово-Красносілля,20.577676277813485
487,Еріка,Скирда,1994-08-13,94.0,4,0,Female,Нетішин,29.544799565484716
489,Лариса,Лупій,1994-05-08,16.0,8,4,Female,Хмельницький,29.81055299014225
491,Сніжана,Чубай,1995-03-04,28.0,1,0,Female,Антрацит ,28.988635181923073
494,Одарка,Семенченко,2008-08-09,4.0,7,2,Female,Хирів,15.544799565484716
502,Василина,Єщенко,1994-08-21,52.0,8,8,Female,Кремінна,29.522881757265537
505,Сніжана,Малик,1997-06-25,13.0,0,0,Female,Селидове,26.676306414799786
507,Алла,Яковенко,2003-10-24,19.0,1,0,Female,Кобеляки,20.34205983945732
508,Любов,Дерегус,2002-09-16,14.0,6,0,Female,Ялта,21.446169428498415
510,Клавдія,Андріїшин,2002-03-09,64.0,8,6,Female,Чуднів,21.96945709973129
513,Ірена,Шутько,2002-06-14,26.0,8,5,Female,Южне,21.703703675073758
515,Михайлина,Михалюк,1995-10-10,43.0,4,0,Female,Донецьк,28.385895455895675
516,Оксенія,Джус,2006-04-05,97.0,10,5,Female,Докучаєвськ,17.892744770964168
517,Богданна,Абрамчук,2004-01-29,98.0,3,0,Female,Новий Калинів,20.076306414799785
522,Надія,Колісниченко,2002-01-06,38.0,5,1,Female,Подільськ,22.13932011342992
526,Едита,Шиян,1996-08-24,62.0,9,1,Female,Кролевець,27.511922853155948
527,Марʼяна,Гунько,1999-07-09,4.0,9,8,Female,Соледар,24.637950250416225
528,Ольга,Аронець,2000-02-28,7.0,8,2,Female,Липовець,23.996854360005266
529,Михайлина,Рябошапка,1997-10-06,67.0,10,10,Female,Ківерці,26.394114633977868
531,Любов,Баклан,2008-06-08,50.0,3,3,Female,Рахів,15.714662579183345
532,Марина,Акуленко,2002-10-11,24.0,7,3,Female,Сімферополь,21.37767627781348
534,Дарина,Гайдамака,1993-02-23,91.0,0,0,Female,Рогатин,31.013292716169648
535,Ліза,Засуха,1998-01-04,61.0,4,1,Female,Богодухів,26.147539291512114
537,Богданна,Цушко,1994-04-07,13.0,8,1,Female,Костянтинівка,29.895484496991564
538,Марта,Затовканюк,2000-08-02,23.0,7,5,Female,Сватове,23.56945709973129
539,Віолетта,Свириденко,2003-10-13,85.0,10,8,Female,Барвінкове,20.37219682575869
540,Богданна,Вітер,2003-03-21,67.0,10,7,Female,Ізяслав,20.936580387402525
541,Анастасія,Хомик,2003-04-04,77.0,3,1,Female,Синельникове,20.898224223018964
543,Олена,Малик,1996-01-15,41.0,2,2,Female,Фастів,28.120142031238142
544,Розалія,Павленко,2007-10-06,16.0,3,1,Female,Севастополь,16.38863518192307
546,Роксолана,Івасюк,2000-10-21,72.0,1,0,Female,Золоте,23.35027901753951
547,Алла,Фоменко,2005-09-06,5.0,9,7,Female,Бар,18.47082696274499
562,Христина,Жаліло,1997-11-06,70.0,7,3,Female,Білозерське,26.309183127128552
564,Віра,Авраменко,1997-04-22,30.0,5,4,Female,Роздільна,26.85164888055321
567,Варвара,Рябовіл,2006-01-29,61.0,0,0,Female,Старокостянтинів,18.073566688772388
568,Альбіна,Носаченко,2005-04-27,52.0,9,3,Female,Скадовськ,18.832470798361427
570,Альбіна,Рева,2007-01-08,64.0,3,1,Female,Слов'янськ,17.131100935347728
572,Ірена,Жук,1997-10-26,33.0,3,3,Female,Київ,26.33932011342992
574,Анжела,Захарченко,2003-01-15,96.0,4,3,Female,Кам'янка-Бузька,21.114662579183346
575,Роксолана,Юрченко,1996-01-23,28.0,5,1,Female,Сарни,28.098224223018963
578,Галина,Гузій,2007-01-28,15.0,9,8,Female,Сватове,17.076306414799785
580,Еріка,Лукаш,1996-03-25,49.0,6,1,Female,Коломия,27.928361209320332
581,Ярослава,Титаренко,1993-07-22,87.0,1,1,Female,Южне,30.605073538087456
583,Юстина,Чекалюк,2009-01-04,69.0,2,1,Female,Вугледар,15.139320113429921
584,Аліна,Дейсун,1995-09-23,23.0,4,3,Female,Южне,28.43247079836143
586,Єлисавета,Журба,2006-12-08,79.0,8,7,Female,Боково-Хрустальне,17.216032442197044
587,Надія,Байдак,1994-02-25,31.0,2,1,Female,Нове Давидково,30.00781326411485
590,Емілія,Сімашкевич,2000-11-08,17.0,0,0,Female,Коростень,23.30096394904636
593,Орина,Саченко,1993-09-08,48.0,9,5,Female,Носівка,30.473566688772387
596,Марія,Тягнибок,2002-09-12,61.0,8,6,Female,Привілля,21.457128332608004
597,Роксолана,Хоменко,1995-07-12,61.0,7,1,Female,Тлумач,28.632470798361428
601,Олена,Черінько,1996-05-01,78.0,10,1,Female,Маріуполь,27.826991346306635
604,Ліза,Оробець,2004-06-14,32.0,10,10,Female,Свалява,19.70096394904636
609,Роксолана,Швачко,2000-07-18,48.0,10,9,Female,Луганськ,23.61055299014225
610,Аліна,Коваленко,1999-06-30,91.0,3,0,Female,Знам'янка,24.6626077846628
611,Марина,Мазур,2004-11-02,81.0,5,2,Female,Зугрес,19.314662579183345
613,Богуслава,Нестеренко,2000-05-19,47.0,3,0,Female,Саки ,23.774936551786087
616,Одарка,Артим,1999-10-20,100.0,1,0,Female,Павлоград,24.355758469594306
620,Клавдія,Кабаненко,1999-12-20,97.0,7,1,Female,Антрацит ,24.188635181923072
624,Ліза,Бабич,1997-05-23,61.0,9,8,Female,Ізюм,26.766717373703894
625,Анжела,Палій,2000-11-24,15.0,9,9,Female,Барвінкове,23.257128332608005
628,Златослава,Оробець,1996-07-26,70.0,8,0,Female,Бучач,27.59137490795047
630,Ада,Радченко,2003-09-15,55.0,8,5,Female,Ходорів,20.44890915452581
633,Ганна,Овсієнко,1993-10-11,21.0,6,4,Female,Попасна,30.383155729868278
634,Лариса,Ващук,1993-12-10,64.0,1,1,Female,Радехів,30.218772168224444
637,Одарка,Мазур,1994-09-02,53.0,7,1,Female,Миронівка,29.490005044936773
638,Анжела,Колесниченко,1993-03-21,38.0,9,7,Female,Балта,30.94205983945732
640,Варвара,Товстуха,2004-08-12,20.0,10,1,Female,Брянка,19.539320113429923
641,Валентина,Балабан,2003-01-25,64.0,5,0,Female,Вишгород,21.087265318909374
643,Тетяна,Павличенко,2001-01-16,80.0,2,1,Female,Дубно,23.11192285315595
644,Марія,Акуленко,2009-01-10,64.0,1,0,Female,Горішні Плавні,15.122881757265539
645,Едита,Таран,1993-07-29,42.0,5,5,Female,Почаїв,30.585895455895674
647,Юстина,Вакарчук,1998-09-29,94.0,10,1,Female,Сквира,25.413292716169646
652,Ірена,Гаєвський,1995-11-13,20.0,10,5,Female,Корсунь-Шевченківський,28.29274477096417
656,Варвара,Носаченко,2004-10-17,55.0,0,0,Female,Старобільськ,19.358498195621703
664,Василина,Філіпенко,1997-12-10,39.0,9,7,Female,Рогатин,26.216032442197044
665,Надія,Гречаник,1999-05-29,4.0,0,0,Female,Шепетівка,24.750279017539512
666,Володимира,Сиротенко,1994-09-10,31.0,3,1,Female,Вугледар,29.468087236717594
668,Юстина,Демʼяненко,1994-11-10,79.0,8,7,Female,Мостиська,29.30096394904636
669,Сніжана,Пилипенко,2004-12-28,1.0,10,7,Female,Боково-Хрустальне,19.1612379216491
670,Святослава,Сич,1993-05-18,40.0,4,2,Female,Токмак,30.783155729868277
671,Галина,Колесниченко,2000-07-08,45.0,9,2,Female,Світлодарськ,23.637950250416225
673,Одарка,Баранник,2000-04-09,36.0,4,0,Female,Монастирище,23.884525592881975
675,Одарка,Чередник,1997-06-01,51.0,8,1,Female,Вуглегірськ,26.74205983945732
676,Клавдія,Даниленко,2003-09-07,15.0,2,0,Female,Коломия,20.47082696274499
678,Орина,Негода,1993-05-26,33.0,6,4,Female,Буринь,30.7612379216491
682,Ганна,Ребрик,1995-01-22,83.0,6,3,Female,Берислав,29.10096394904636
683,Лариса,Гоголь,1998-05-15,69.0,8,4,Female,Олександрівськ,25.788635181923073
685,Орися,Непорожній,1999-03-01,78.0,9,9,Female,Полтава,24.994114633977865
687,Оксана,Рябовіл,2004-02-23,58.0,1,0,Female,Устилуг,20.00781326411485
689,Ірина,Терещенко,1998-08-07,93.0,3,0,Female,Чистякове,25.558498195621702
691,Оксенія,Масляк,1997-01-03,55.0,5,4,Female,Баштанка,27.15027901753951
693,Дарина,Данильчук,2006-08-23,16.0,4,0,Female,Авдіївка,17.50918312712855
695,Лілія,Жученко,2002-08-04,9.0,6,2,Female,Середина-Буда,21.5639776476765
700,Алла,Шаблій,2000-04-24,66.0,1,1,Female,Верхівцеве,23.843429702471017
701,Ярина,Бабійчук,2006-05-04,43.0,9,5,Female,Надвірна,17.81329271616965
714,Варвара,Шеремет,1995-07-01,56.0,7,6,Female,Березань ,28.6626077846628
715,Роксолана,Вітрук,2001-04-10,44.0,9,4,Female,Гнівань,22.881785866854578
718,Анжела,Іванченко,1999-06-09,40.0,3,2,Female,Коломия,24.72014203123814
719,Варвара,Аврамчук,1993-09-08,95.0,5,3,Female,Марганець ,30.473566688772387
721,Олена,Філіпенко,2007-04-10,5.0,10,9,Female,Герца,16.87904614082718
722,Ольга,Медведенко,1994-08-20,84.0,10,3,Female,Червоносів,29.525621483292934
723,Світлана,Авраменко,1997-05-03,39.0,6,0,Female,Баштанка,26.821511894251838
725,Марія,Гайдай,1997-11-27,61.0,7,6,Female,Вінниця,26.25164888055321
729,Маруся,Сацюк,1995-10-18,34.0,9,2,Female,Донецьк,28.363977647676496
730,Софія,Павлик,2008-10-12,56.0,9,5,Female,Перечин,15.369457099731292
733,Орися,Негода,1998-12-04,29.0,3,3,Female,Очаків,25.23247079836143
735,Еріка,Малик,2000-03-06,60.0,4,1,Female,Світлодарськ,23.977676277813483
739,Ірена,Кириленко,2006-07-09,20.0,9,3,Female,Великі Мости,17.632470798361428
741,Марта,Жаліло,1995-12-04,46.0,9,5,Female,Амвросіївка,28.235210524388826
744,Розалія,Дергач,2004-03-27,47.0,0,0,Female,Балаклія,19.917402305210743
747,Ганна,Корсун,2003-08-03,38.0,1,1,Female,Бурштин ,20.566717373703895
749,Наталія,Чубай,1997-02-14,4.0,1,1,Female,Хорол ,27.035210524388827
751,Галина,Назаренко,2006-10-11,92.0,4,4,Female,Узин,17.374936551786085
754,Альбіна,Ґоляш,2003-08-06,40.0,8,2,Female,Покров,20.558498195621702
755,Сніжана,Баштан,1995-10-14,38.0,5,4,Female,Верхівцеве,28.374936551786085
763,Любов,Ткаченко,1995-09-12,61.0,8,8,Female,Харків,28.462607784662797
765,Едита,Засядько,2004-12-03,38.0,1,1,Female,Корюківка,19.22973107233403
766,Алла,Товстоліс,1994-08-11,10.0,7,3,Female,Валки ,29.55027901753951
769,Аніта,Бгиденко,2002-12-07,73.0,1,1,Female,Берегове,21.22151189425184
773,Ада,Девдюк,2001-09-18,76.0,1,0,Female,Красноград,22.440689976443622
778,Оксана,Шухевич,1998-08-22,41.0,9,4,Female,Дергачі,25.517402305210744
780,Емілія,Щербань,1995-02-06,93.0,4,0,Female,Міусинськ,29.059868058635402
781,Клавдія,Андрійчук,1995-05-02,86.0,3,2,Female,Дрогобич,28.826991346306635
782,Данна,Журба,2005-08-06,56.0,1,1,Female,Очаків,18.555758469594306
783,Еріка,Москаль,1995-05-02,63.0,0,0,Female,Вугледар,28.826991346306635
785,Ада,Туркало,2000-09-03,21.0,9,1,Female,Кролевець,23.48178586685458
786,Юстина,Примаченко,2008-05-02,15.0,0,0,Female,Довжанськ,15.816032442197045
788,Камілла,Ільєнко,2007-04-18,61.0,1,1,Female,Новий Калинів,16.857128332608003
791,Тереза,Червоненко,1997-03-17,32.0,8,3,Female,Інкерман,26.95027901753951
792,Юстина,Влох,2006-01-26,78.0,6,3,Female,Новоселиця,18.081785866854577
795,Марина,Яремко,1993-09-14,67.0,5,1,Female,Буськ,30.457128332608004
796,Амалія,Литвин,2007-05-02,36.0,3,1,Female,Буринь,16.81877216822444
797,Соломія,Василашко,1996-02-17,11.0,3,1,Female,Рожище,28.02973107233403
798,Валентина,Корпанюк,1998-01-20,97.0,2,2,Female,Сніжне,26.103703675073756
800,Камілла,Матяш,1994-08-01,16.0,6,0,Female,Іршава,29.577676277813485
802,Єлисавета,Дацюк,2003-08-10,5.0,9,9,Female,Шахтарськ,20.547539291512113
804,Варвара,Годунок,2001-11-08,54.0,1,0,Female,Миронівка,22.30096394904636
805,Галина,Малишко,2007-09-30,71.0,5,3,Female,Географія Вільнянська,16.405073538087457
808,Соломія,Аверченко,1994-09-30,2.0,1,1,Female,Лубни,29.413292716169646
810,Клавдія,Вернидуб,2003-06-29,45.0,4,1,Female,Бахчисарай,20.6626077846628
812,Вікторія,Ісаєвич,2001-09-13,12.0,1,1,Female,Винники,22.454388606580608
814,Богуслава,Чайка,1994-09-12,13.0,2,2,Female,Кременчук,29.462607784662797
815,Аніта,Заруба,2003-08-20,75.0,6,3,Female,Бахчисарай,20.52014203123814
816,Марина,Михайлюк,2004-12-12,19.0,7,4,Female,Оріхів,19.205073538087454
817,Златослава,Макаренко,1999-02-24,88.0,1,1,Female,Овруч,25.00781326411485
821,Тереза,Базилевич,1995-10-01,24.0,5,0,Female,Вараш,28.41055299014225
822,Єва,Дубенко,1993-03-05,90.0,9,9,Female,Старий Самбір,30.985895455895676
824,Надія,Іващенко,2000-02-18,91.0,0,0,Female,Бердянськ,24.024251620279237
829,Камілла,Терещенко,2007-07-02,71.0,9,8,Female,Стрий,16.65164888055321
830,Марʼяна,Козаченко,1996-08-30,26.0,0,0,Female,Новий Розділ,27.495484496991565
832,Алла,Корсун,1997-03-14,24.0,2,1,Female,Нова Каховка,26.9584981956217
833,Ліза,Сомко,1993-06-06,81.0,2,1,Female,Балаклія,30.73110093534773
834,Вікторія,Рябець,2006-09-13,33.0,8,0,Female,Бахчисарай,17.451648880553208
835,Анжела,Даньків,2007-04-23,50.0,10,1,Female,Авдіївка,16.843429702471017
837,Валентина,Романенко,1995-12-16,33.0,0,0,Female,Мостиська,28.202333812060058
841,Тетяна,Гайдай,1996-02-10,71.0,8,5,Female,Залізне,28.048909154525813
844,Ольга,Кабаненко,1995-04-13,33.0,1,0,Female,Пустомити,28.87904614082718
846,Данна,Величко,2008-04-12,48.0,4,3,Female,Тлумач,15.87082696274499
847,Наталія,Вернигора,2001-04-05,57.0,9,8,Female,Буча,22.895484496991564
852,Ольга,Акименко,2007-12-10,52.0,8,6,Female,Виноградів,16.21055299014225
853,Марʼяна,Токар,2002-07-30,91.0,1,1,Female,Родинське,21.577676277813485
856,Марʼяна,Петрик,2007-11-14,27.0,4,2,Female,Васильків,16.28178586685458
857,Марʼяна,Мірошниченко,1993-12-01,84.0,4,4,Female,Городенка,30.24342970247102
860,Ольга,Хомик,2002-12-11,96.0,8,1,Female,Ківерці,21.21055299014225
861,Ада,Асаула,1994-01-11,74.0,9,6,Female,Костянтинівка,30.131100935347728
863,Тетяна,Хмара,2007-04-18,33.0,3,3,Female,Коростишів,16.857128332608003
864,Алла,Товстуха,1996-05-25,32.0,10,8,Female,Волочиськ,27.7612379216491
867,Ада,Ґерус,2002-01-08,11.0,1,1,Female,Ніжин,22.133840661375128
874,Володимира,Чубай,1997-06-03,88.0,5,3,Female,Старокостянтинів,26.736580387402526
876,Любов,Бабійчук,1997-05-07,54.0,7,7,Female,Дебальцеве,26.81055299014225
877,Варвара,Годунок,1999-12-01,90.0,5,5,Female,Ладижин,24.24068997644362
878,Данна,Рудик,1995-11-09,63.0,2,0,Female,Святогірськ,28.303703675073756
879,Пріска,Дараган,2001-06-02,85.0,9,5,Female,Армянськ,22.736580387402526
882,Мілена,Каденюк,2006-07-14,13.0,9,3,Female,Підгайці,17.618772168224442
883,Алла,Панчук,1997-09-20,12.0,3,3,Female,Шпола,26.437950250416222
884,Єва,Дергач,2002-05-16,5.0,8,6,Female,Дебальцеве,21.783155729868277
886,Данна,Терещенко,2002-03-05,98.0,5,1,Female,Олександрівськ,21.98041600384088
888,Ірена,Арсенич,2006-09-07,10.0,2,1,Female,Новогродівка,17.468087236717594
890,Марина,Самойленко,2002-11-15,44.0,1,1,Female,Славутич,21.28178586685458
891,Ярослава,Пʼятаченко,1995-02-06,1.0,5,0,Female,Часів Яр,29.059868058635402
893,Емілія,Зарудний,2008-05-05,41.0,10,4,Female,Золочів,15.807813264114854
897,Ярина,Сомко,2002-08-30,54.0,9,9,Female,Острог,21.49274477096417
898,Марта,Гаврюшенко,1999-02-24,28.0,7,0,Female,Сколе,25.00781326411485
900,Маруся,Василечко,2008-10-03,61.0,8,8,Female,Долина ,15.394114633977868
902,Ірина,Тесля,2008-08-28,19.0,4,4,Female,Ізяслав,15.492744770964169
904,Вікторія,Павличенко,1998-07-30,86.0,9,3,Female,Тернопіль,25.58041600384088
906,Віолетта,Медведенко,2006-11-06,68.0,5,1,Female,Дубровиця,17.303703675073756
907,Лариса,Філіпенко,1999-04-19,72.0,0,0,Female,Гола Пристань,24.8598680586354
911,Анастасія,Данько,2005-12-09,76.0,4,4,Female,Ужгород,18.213292716169647
912,Оксенія,Венгринович,2004-01-30,5.0,7,7,Female,Бердичів,20.073566688772388
915,Світлана,Тарасенко,2005-02-23,21.0,5,5,Female,Південне ,19.005073538087455
916,Марта,Тимченко,1999-10-03,50.0,7,5,Female,Ічня,24.402333812060057
917,Ольга,Башполченко,2000-08-31,59.0,10,9,Female,Середина-Буда,23.490005044936773
918,Дарина,Дашкевич,2000-09-24,12.0,0,0,Female,Семенівка,23.424251620279236
919,Марта,Дурдинець,2005-11-13,54.0,8,8,Female,Новояворівськ,18.284525592881977
920,Єва,Саєнко,2003-04-22,65.0,4,1,Female,Радехів,20.848909154525813
921,Анастасія,Ткач,1999-12-02,74.0,2,1,Female,Люботин,24.237950250416223
922,Марія,Вишиваний,1997-06-15,28.0,8,4,Female,Біла Церква,26.703703675073758
923,Клавдія,Бакуменко,1999-05-20,93.0,3,0,Female,Дружківка,24.774936551786087
925,Єва,Шморгун,1998-04-26,16.0,0,0,Female,Ржищів,25.84068997644362
926,Златослава,Терещук,1995-04-17,70.0,5,0,Female,Буча,28.868087236717592
927,Ірина,Франко,2002-02-27,50.0,5,4,Female,Бар,21.996854360005266
928,Маруся,Скорик,1999-02-13,78.0,6,2,Female,Костянтинівка,25.037950250416223
930,Розалія,Василечко,2005-07-01,38.0,8,2,Female,Приморськ (Україна),18.654388606580607
931,Соломія,Арсенич,2001-09-30,22.0,6,5,Female,Остер ,22.407813264114854
933,Алла,Байрак,2007-12-07,38.0,0,0,Female,Теплодар,16.218772168224444
935,Сніжана,Пелех,1994-04-10,14.0,9,2,Female,Березівка,29.887265318909375
936,Надія,Юрченко,1996-09-16,85.0,8,6,Female,Липовець,27.44890915452581
942,Ліза,Даценко,1998-01-04,67.0,10,1,Female,Ніжин,26.147539291512114
945,Любов,Єсипенко,1994-06-21,25.0,0,0,Female,Теребовля,29.690005044936772
946,Олена,Дробаха,2009-01-23,18.0,3,3,Female,Мостиська,15.087265318909374
947,Альбіна,Вергун,2005-04-19,86.0,8,8,Female,Лутугине,18.854388606580606
948,Ганна,Сагаль,2006-01-22,53.0,6,3,Female,Жидачів,18.092744770964167
952,Богуслава,Адаменко,2005-02-10,24.0,10,6,Female,Любомль,19.04068997644362
954,Надія,Сиротенко,2002-05-01,30.0,7,0,Female,Дубровиця,21.824251620279238
956,Софія,Юрчишин,2002-05-02,2.0,7,5,Female,Сарни,21.821511894251838
958,Тереза,Панчук,1998-11-24,26.0,8,5,Female,Моспине,25.2598680586354
963,Соломія,Ґерета,2000-03-04,47.0,4,4,Female,Чорноморськ,23.983155729868276
964,Дарина,Їжак,2000-02-27,65.0,7,2,Female,Угнів,23.999594086032662
972,Данна,Рубець,2003-06-20,67.0,6,1,Female,Нове Давидково,20.687265318909375
974,Анастасія,Вишиваний,1999-02-22,26.0,0,0,Female,Гірник ,25.013292716169648
975,Єва,Байдак,2004-01-31,20.0,2,2,Female,Вовчанськ,20.07082696274499
976,Василина,Матяш,2002-05-21,9.0,8,0,Female,Буськ,21.76945709973129
978,Камілла,Бебешко,1994-02-18,20.0,7,4,Female,Нова Одеса,30.026991346306634
981,Ірина,Журба,1994-03-17,55.0,7,5,Female,Гола Пристань,29.953018743566908
982,Ганна,Дзюба,2003-06-13,87.0,7,6,Female,Івано-Франківськ,20.706443401101154
983,Віолетта,Василенко,1999-07-02,77.0,2,0,Female,Голубівка,24.657128332608004
986,Ярослава,Шелест,2005-07-04,21.0,2,2,Female,Ланівці,18.646169428498414
987,Мілена,Парасюк,2001-04-07,94.0,4,0,Female,Глобине,22.89000504493677
988,Маруся,Їжакевич,1996-11-20,100.0,4,0,Female,Підгайці,27.27082696274499
989,Алла,Батюк,2000-07-13,36.0,8,3,Female,Вугледар,23.624251620279235
990,Роксолана,Голик,2000-09-27,36.0,7,5,Female,Яремче,23.416032442197046
994,Оксана,Парасюк,1993-03-27,88.0,6,5,Female,Житомир,30.925621483292936
996,Дарина,Тесля,2002-08-30,37.0,6,5,Female,Бережани,21.49274477096417
997,Амалія,Остапчук,2007-04-24,58.0,2,1,Female,Бурштин ,16.84068997644362
998,Галина,Швайка,2008-08-02,92.0,8,2,Female,Курахове,15.563977647676497
999,Світлана,Корпанюк,2002-04-30,63.0,10,6,Female,Обухів,21.826991346306635
